x-spline, y-spline, z-spline, radius
0.000,0.000,0.000,9.500
2.000,0.000,0.000,9.470
4.000,0.000,0.000,9.200
6.000,0.000,0.000,8.680
8.000,0.000,0.000,8.420
10.000,0.000,0.000,7.900
12.000,0.000,0.000,7.100
14.000,0.000,0.000,6.840
16.000,0.000,0.000,5.790
18.000,0.000,0.000,5.000
20.000,0.000,0.000,3.950
22.000,0.000,0.000,3.160
24.000,0.000,0.000,2.370
25.000,0.000,0.000,2.500
27.000,0.000,0.000,2.591
29.000,0.000,0.000,2.682
31.000,0.000,0.000,2.773
33.000,0.000,0.000,2.864
35.000,0.000,0.000,2.955
37.000,0.000,0.000,3.045
39.000,0.000,0.000,3.136
41.000,0.000,0.000,3.227
43.000,0.000,0.000,3.318
45.000,0.000,0.000,3.409
47.000,0.000,0.000,3.500
49.000,0.000,0.000,3.591
51.000,0.000,0.000,3.682
53.000,0.000,0.000,3.773
55.000,0.000,0.000,3.864
57.000,0.000,0.000,3.955
59.000,0.000,0.000,4.045
61.000,0.000,0.000,4.136
63.000,0.000,0.000,4.227
65.000,0.000,0.000,4.318
67.000,0.000,0.000,4.409
69.000,0.000,0.000,4.500
71.000,0.000,0.000,4.591
73.000,0.000,0.000,4.682
75.000,0.000,0.000,4.773
77.000,0.000,0.000,4.864
79.000,0.000,0.000,4.955
80.000,0.000,0.000,5.000
82.000,0.000,0.000,5.067
84.000,0.000,0.000,5.133
86.000,0.000,0.000,5.200
88.000,0.000,0.000,5.267
90.000,0.000,0.000,5.333
92.000,0.000,0.000,5.400
94.000,0.000,0.000,5.467
96.000,0.000,0.000,5.533
98.000,0.000,0.000,5.600
100.000,0.000,0.000,5.667
102.000,0.000,0.000,5.733
104.000,0.000,0.000,5.800
106.000,0.000,0.000,5.867
108.000,0.000,0.000,5.933
110.000,0.000,0.000,6.500
112.000,0.000,0.000,6.533
114.000,0.000,0.000,6.567
116.000,0.000,0.000,6.600
118.000,0.000,0.000,6.633
120.000,0.000,0.000,6.667
122.000,0.000,0.000,6.700
124.000,0.000,0.000,6.733
126.000,0.000,0.000,6.767
128.000,0.000,0.000,6.800
130.000,0.000,0.000,6.833
132.000,0.000,0.000,6.867
134.000,0.000,0.000,6.900
136.000,0.000,0.000,6.933
138.000,0.000,0.000,6.967
140.000,0.000,0.000,7.000
142.000,0.000,0.000,7.033
144.000,0.000,0.000,7.067
146.000,0.000,0.000,7.100
148.000,0.000,0.000,7.133
150.000,0.000,0.000,7.167
152.000,0.000,0.000,7.200
154.000,0.000,0.000,7.233
156.000,0.000,0.000,7.267
158.000,0.000,0.000,7.300
160.000,0.000,0.000,7.333
162.000,0.000,0.000,7.367
164.000,0.000,0.000,7.400
166.000,0.000,0.000,7.433
168.000,0.000,0.000,7.467
170.000,0.000,0.000,7.500
172.000,0.000,0.000,7.533
174.000,0.000,0.000,7.567
176.000,0.000,0.000,7.600
178.000,0.000,0.000,7.633
180.000,0.000,0.000,7.667
182.000,0.000,0.000,7.700
184.000,0.000,0.000,7.733
186.000,0.000,0.000,7.767
188.000,0.000,0.000,7.800
190.000,0.000,0.000,7.833
192.000,0.000,0.000,7.867
194.000,0.000,0.000,7.900
196.000,0.000,0.000,7.933
198.000,0.000,0.000,7.967
200.000,0.000,0.000,8.000
202.000,0.000,0.000,8.033
204.000,0.000,0.000,8.067
206.000,0.000,0.000,8.100
208.000,0.000,0.000,8.133
210.000,0.000,0.000,8.167
212.000,0.000,0.000,8.200
214.000,0.000,0.000,8.233
216.000,0.000,0.000,8.267
218.000,0.000,0.000,8.300
220.000,0.000,0.000,8.333
222.000,0.000,0.000,8.367
224.000,0.000,0.000,8.400
226.000,0.000,0.000,8.433
228.000,0.000,0.000,8.467
230.000,0.000,0.000,8.500
232.000,0.000,0.000,8.533
234.000,0.000,0.000,8.567
236.000,0.000,0.000,8.600
238.000,0.000,0.000,8.633
240.000,0.000,0.000,8.667
242.000,0.000,0.000,8.700
244.000,0.000,0.000,8.733
246.000,0.000,0.000,8.767
248.000,0.000,0.000,8.800
250.000,0.000,0.000,8.833
252.000,0.000,0.000,8.867
254.000,0.000,0.000,8.900
256.000,0.000,0.000,8.933
258.000,0.000,0.000,8.967
260.000,0.000,0.000,9.000
262.000,0.000,0.000,9.033
264.000,0.000,0.000,9.067
266.000,0.000,0.000,9.100
268.000,0.000,0.000,9.133
270.000,0.000,0.000,9.167
272.000,0.000,0.000,9.200
274.000,0.000,0.000,9.233
276.000,0.000,0.000,9.267
278.000,0.000,0.000,9.300
280.000,0.000,0.000,9.333
282.000,0.000,0.000,9.367
284.000,0.000,0.000,9.400
286.000,0.000,0.000,9.433
288.000,0.000,0.000,9.467
290.000,0.000,0.000,9.500
292.000,0.000,0.000,9.533
294.000,0.000,0.000,9.567
296.000,0.000,0.000,9.600
298.000,0.000,0.000,9.633
300.000,0.000,0.000,9.667
302.000,0.000,0.000,9.700
304.000,0.000,0.000,9.733
306.000,0.000,0.000,9.767
308.000,0.000,0.000,9.800
310.000,0.000,0.000,9.833
312.000,0.000,0.000,9.867
314.000,0.000,0.000,9.900
316.000,0.000,0.000,9.933
318.000,0.000,0.000,9.967
320.000,0.000,0.000,10.000
322.000,0.000,0.000,10.033
324.000,0.000,0.000,10.067
326.000,0.000,0.000,10.100
328.000,0.000,0.000,10.133
330.000,0.000,0.000,10.167
332.000,0.000,0.000,10.200
334.000,0.000,0.000,10.233
336.000,0.000,0.000,10.267
338.000,0.000,0.000,10.300
340.000,0.000,0.000,10.333
342.000,0.000,0.000,10.367
344.000,0.000,0.000,10.400
346.000,0.000,0.000,10.433
348.000,0.000,0.000,10.467
350.000,0.000,0.000,10.500
352.000,0.000,0.000,10.533
354.000,0.000,0.000,10.567
356.000,0.000,0.000,10.600
358.000,0.000,0.000,10.633
360.000,0.000,0.000,10.667
362.000,0.000,0.000,10.700
364.000,0.000,0.000,10.733
366.000,0.000,0.000,10.767
368.000,0.000,0.000,10.800
370.000,0.000,0.000,10.833
372.000,0.000,0.000,10.867
374.000,0.000,0.000,10.900
376.000,0.000,0.000,10.933
378.000,0.000,0.000,10.967
380.000,0.000,0.000,11.000
382.000,0.000,0.000,11.033
384.000,0.000,0.000,11.067
386.000,0.000,0.000,11.100
388.000,0.000,0.000,11.133
390.000,0.000,0.000,11.167
392.000,0.000,0.000,11.200
394.000,0.000,0.000,11.233
396.000,0.000,0.000,11.267
398.000,0.000,0.000,11.300
400.000,0.000,0.000,11.333
402.000,0.000,0.000,11.367
404.000,0.000,0.000,11.400
406.000,0.000,0.000,11.433
408.000,0.000,0.000,11.467
410.000,0.000,0.000,11.500
412.000,0.000,0.000,11.533
414.000,0.000,0.000,11.567
416.000,0.000,0.000,11.600
418.000,0.000,0.000,11.633
420.000,0.000,0.000,11.667
422.000,0.000,0.000,11.700
424.000,0.000,0.000,11.733
426.000,0.000,0.000,11.767
428.000,0.000,0.000,11.800
430.000,0.000,0.000,11.833
432.000,0.000,0.000,11.867
434.000,0.000,0.000,11.900
436.000,0.000,0.000,11.933
438.000,0.000,0.000,11.967
440.000,0.000,0.000,12.000
442.000,0.000,0.000,12.033
444.000,0.000,0.000,12.067
446.000,0.000,0.000,12.100
448.000,0.000,0.000,12.133
450.000,0.000,0.000,12.167
452.000,0.000,0.000,12.200
454.000,0.000,0.000,12.233
456.000,0.000,0.000,12.267
458.000,0.000,0.000,12.300
460.000,0.000,0.000,12.333
462.000,0.000,0.000,12.367
464.000,0.000,0.000,12.400
466.000,0.000,0.000,12.433
468.000,0.000,0.000,12.467
470.000,0.000,0.000,12.500
472.000,0.000,0.000,12.533
474.000,0.000,0.000,12.567
476.000,0.000,0.000,12.600
478.000,0.000,0.000,12.633
480.000,0.000,0.000,12.667
482.000,0.000,0.000,12.700
484.000,0.000,0.000,12.733
486.000,0.000,0.000,12.767
488.000,0.000,0.000,12.800
490.000,0.000,0.000,12.833
492.000,0.000,0.000,12.867
494.000,0.000,0.000,12.900
496.000,0.000,0.000,12.933
498.000,0.000,0.000,12.967
500.000,0.000,0.000,13.000
502.000,0.000,0.000,13.033
504.000,0.000,0.000,13.067
506.000,0.000,0.000,13.100
508.000,0.000,0.000,13.133
510.000,0.000,0.000,13.167
512.000,0.000,0.000,13.200
514.000,0.000,0.000,13.233
516.000,0.000,0.000,13.267
518.000,0.000,0.000,13.300
520.000,0.000,0.000,13.333
522.000,0.000,0.000,13.367
524.000,0.000,0.000,13.400
526.000,0.000,0.000,13.433
528.000,0.000,0.000,13.467
530.000,0.000,0.000,13.500
532.000,0.000,0.000,13.533
534.000,0.000,0.000,13.567
536.000,0.000,0.000,13.600
538.000,0.000,0.000,13.633
540.000,0.000,0.000,13.667
542.000,0.000,0.000,13.700
544.000,0.000,0.000,13.733
546.000,0.000,0.000,13.767
548.000,0.000,0.000,13.800
550.000,0.000,0.000,13.833
552.000,0.000,0.000,13.867
554.000,0.000,0.000,13.900
556.000,0.000,0.000,13.933
558.000,0.000,0.000,13.967
560.000,0.000,0.000,14.000
562.000,0.000,0.000,14.033
564.000,0.000,0.000,14.067
566.000,0.000,0.000,14.100
568.000,0.000,0.000,14.133
570.000,0.000,0.000,14.167
572.000,0.000,0.000,14.200
574.000,0.000,0.000,14.233
576.000,0.000,0.000,14.267
578.000,0.000,0.000,14.300
580.000,0.000,0.000,14.333
582.000,0.000,0.000,14.367
584.000,0.000,0.000,14.400
586.000,0.000,0.000,14.433
588.000,0.000,0.000,14.467
590.000,0.000,0.000,14.500
592.000,0.000,0.000,14.533
594.000,0.000,0.000,14.567
596.000,0.000,0.000,14.600
598.000,0.000,0.000,14.633
600.000,0.000,0.000,14.667
602.000,0.000,0.000,14.700
604.000,0.000,0.000,14.733
606.000,0.000,0.000,14.767
608.000,0.000,0.000,14.800
610.000,0.000,0.000,14.833
612.000,0.000,0.000,14.867
614.000,0.000,0.000,14.900
616.000,0.000,0.000,14.933
618.000,0.000,0.000,14.967
620.000,0.000,0.000,15.000
622.000,0.000,0.000,15.033
624.000,0.000,0.000,15.067
626.000,0.000,0.000,15.100
628.000,0.000,0.000,15.133
630.000,0.000,0.000,15.167
632.000,0.000,0.000,15.200
634.000,0.000,0.000,15.233
636.000,0.000,0.000,15.267
638.000,0.000,0.000,15.300
640.000,0.000,0.000,15.333
642.000,0.000,0.000,15.367
644.000,0.000,0.000,15.400
646.000,0.000,0.000,15.433
648.000,0.000,0.000,15.467
650.000,0.000,0.000,15.500
652.000,0.000,0.000,15.533
654.000,0.000,0.000,15.567
656.000,0.000,0.000,15.600
658.000,0.000,0.000,15.633
660.000,0.000,0.000,15.667
662.000,0.000,0.000,15.700
664.000,0.000,0.000,15.733
666.000,0.000,0.000,15.767
668.000,0.000,0.000,15.800
670.000,0.000,0.000,15.833
672.000,0.000,0.000,15.867
674.000,0.000,0.000,15.900
676.000,0.000,0.000,15.933
678.000,0.000,0.000,15.967
680.000,0.000,0.000,16.500
682.000,0.000,0.000,16.525
684.000,0.000,0.000,16.551
686.000,0.000,0.000,16.576
688.000,0.000,0.000,16.601
690.000,0.000,0.000,16.626
692.000,0.000,0.000,16.652
694.000,0.000,0.000,16.677
696.000,0.000,0.000,16.702
698.000,0.000,0.000,16.727
700.000,0.000,0.000,16.753
702.000,0.000,0.000,16.778
704.000,0.000,0.000,16.803
706.000,0.000,0.000,16.828
708.000,0.000,0.000,16.854
710.000,0.000,0.000,16.879
712.000,0.000,0.000,16.904
714.000,0.000,0.000,16.929
716.000,0.000,0.000,16.955
718.000,0.000,0.000,16.980
720.000,0.000,0.000,17.005
722.000,0.000,0.000,17.031
724.000,0.000,0.000,17.056
726.000,0.000,0.000,17.081
728.000,0.000,0.000,17.106
730.000,0.000,0.000,17.132
732.000,0.000,0.000,17.157
734.000,0.000,0.000,17.182
736.000,0.000,0.000,17.207
738.000,0.000,0.000,17.233
740.000,0.000,0.000,17.258
742.000,0.000,0.000,17.283
744.000,0.000,0.000,17.308
746.000,0.000,0.000,17.334
748.000,0.000,0.000,17.359
750.000,0.000,0.000,17.384
752.000,0.000,0.000,17.409
754.000,0.000,0.000,17.435
756.000,0.000,0.000,17.460
758.000,0.000,0.000,17.485
760.000,0.000,0.000,17.511
762.000,0.000,0.000,17.536
764.000,0.000,0.000,17.561
766.000,0.000,0.000,17.586
768.000,0.000,0.000,17.612
770.000,0.000,0.000,17.637
772.000,0.000,0.000,17.662
774.000,0.000,0.000,17.687
776.000,0.000,0.000,17.713
778.000,0.000,0.000,17.738
780.000,0.000,0.000,17.763
782.000,0.000,0.000,17.788
784.000,0.000,0.000,17.814
786.000,0.000,0.000,17.839
788.000,0.000,0.000,17.864
790.000,0.000,0.000,17.889
792.000,0.000,0.000,17.915
794.000,0.000,0.000,17.940
796.000,0.000,0.000,17.965
798.000,0.000,0.000,17.991
800.000,0.000,0.000,18.016
802.000,0.000,0.000,18.041
804.000,0.000,0.000,18.066
806.000,0.000,0.000,18.092
808.000,0.000,0.000,18.117
810.000,0.000,0.000,18.142
812.000,0.000,0.000,18.167
814.000,0.000,0.000,18.193
816.000,0.000,0.000,18.218
818.000,0.000,0.000,18.243
820.000,0.000,0.000,18.268
822.000,0.000,0.000,18.294
824.000,0.000,0.000,18.319
826.000,0.000,0.000,18.344
828.000,0.000,0.000,18.369
830.000,0.000,0.000,18.395
832.000,0.000,0.000,18.420
834.000,0.000,0.000,18.445
836.000,0.000,0.000,18.471
838.000,0.000,0.000,18.496
840.000,0.000,0.000,18.521
842.000,0.000,0.000,18.546
844.000,0.000,0.000,18.572
846.000,0.000,0.000,18.597
848.000,0.000,0.000,18.622
850.000,0.000,0.000,18.647
852.000,0.000,0.000,18.673
854.000,0.000,0.000,18.698
856.000,0.000,0.000,18.723
858.000,0.000,0.000,18.748
860.000,0.000,0.000,18.774
862.000,0.000,0.000,18.799
864.000,0.000,0.000,18.824
866.000,0.000,0.000,18.849
868.000,0.000,0.000,18.875
870.000,0.000,0.000,18.900
872.000,0.000,0.000,18.925
874.000,0.000,0.000,18.951
876.000,0.000,0.000,18.976
878.000,0.000,0.000,19.001
880.000,0.000,0.000,19.026
882.000,0.000,0.000,19.052
884.000,0.000,0.000,19.077
886.000,0.000,0.000,19.102
888.000,0.000,0.000,19.127
890.000,0.000,0.000,19.153
892.000,0.000,0.000,19.178
894.000,0.000,0.000,19.203
896.000,0.000,0.000,19.228
898.000,0.000,0.000,19.254
900.000,0.000,0.000,19.279
902.000,0.000,0.000,19.304
904.000,0.000,0.000,19.329
906.000,0.000,0.000,19.355
908.000,0.000,0.000,19.380
910.000,0.000,0.000,19.405
912.000,0.000,0.000,19.431
914.000,0.000,0.000,19.456
916.000,0.000,0.000,19.481
918.000,0.000,0.000,19.506
920.000,0.000,0.000,19.532
922.000,0.000,0.000,19.557
924.000,0.000,0.000,19.582
926.000,0.000,0.000,19.607
928.000,0.000,0.000,19.633
930.000,0.000,0.000,19.658
932.000,0.000,0.000,19.683
934.000,0.000,0.000,19.708
936.000,0.000,0.000,19.734
938.000,0.000,0.000,19.759
940.000,0.000,0.000,19.784
942.000,0.000,0.000,19.809
944.000,0.000,0.000,19.835
946.000,0.000,0.000,19.860
948.000,0.000,0.000,19.885
950.000,0.000,0.000,19.911
952.000,0.000,0.000,19.936
954.000,0.000,0.000,19.961
956.000,0.000,0.000,19.986
958.000,0.000,0.000,20.012
960.000,0.000,0.000,20.037
962.000,0.000,0.000,20.062
964.000,0.000,0.000,20.087
966.000,0.000,0.000,20.113
968.000,0.000,0.000,20.138
970.000,0.000,0.000,20.163
972.000,0.000,0.000,20.188
974.000,0.000,0.000,20.214
976.000,0.000,0.000,20.239
978.000,0.000,0.000,20.264
980.000,0.000,0.000,20.289
982.000,0.000,0.000,20.315
984.000,0.000,0.000,20.340
986.000,0.000,0.000,20.365
988.000,0.000,0.000,20.391
990.000,0.000,0.000,20.416
992.000,0.000,0.000,20.441
994.000,0.000,0.000,20.466
996.000,0.000,0.000,20.492
998.000,0.000,0.000,20.517
1000.000,0.000,0.000,20.542
1002.000,0.000,0.000,20.567
1004.000,0.000,0.000,20.593
1006.000,0.000,0.000,20.618
1008.000,0.000,0.000,20.643
1010.000,0.000,0.000,20.668
1012.000,0.000,0.000,20.694
1014.000,0.000,0.000,20.719
1016.000,0.000,0.000,20.744
1018.000,0.000,0.000,20.769
1020.000,0.000,0.000,20.795
1022.000,0.000,0.000,20.820
1024.000,0.000,0.000,20.845
1026.000,0.000,0.000,20.871
1028.000,0.000,0.000,20.896
1030.000,0.000,0.000,20.921
1032.000,0.000,0.000,20.946
1034.000,0.000,0.000,20.972
1036.000,0.000,0.000,20.997
1038.000,0.000,0.000,21.022
1040.000,0.000,0.000,21.047
1042.000,0.000,0.000,21.073
1044.000,0.000,0.000,21.098
1046.000,0.000,0.000,21.123
1048.000,0.000,0.000,21.148
1050.000,0.000,0.000,21.174
1052.000,0.000,0.000,21.199
1054.000,0.000,0.000,21.224
1056.000,0.000,0.000,21.249
1058.000,0.000,0.000,21.275
1060.000,0.000,0.000,21.300
1062.000,0.000,0.000,21.325
1064.000,0.000,0.000,21.351
1066.000,0.000,0.000,21.376
1068.000,0.000,0.000,21.401
1070.000,0.000,0.000,21.426
1072.000,0.000,0.000,21.452
1074.000,0.000,0.000,21.477
1076.000,0.000,0.000,21.502
1078.000,0.000,0.000,21.527
1080.000,0.000,0.000,21.553
1082.000,0.000,0.000,21.578
1084.000,0.000,0.000,21.603
1086.000,0.000,0.000,21.628
1088.000,0.000,0.000,21.654
1090.000,0.000,0.000,21.679
1092.000,0.000,0.000,21.704
1094.000,0.000,0.000,21.729
1096.000,0.000,0.000,21.755
1098.000,0.000,0.000,21.780
1100.000,0.000,0.000,21.805
1102.000,0.000,0.000,21.831
1104.000,0.000,0.000,21.856
1106.000,0.000,0.000,21.881
1108.000,0.000,0.000,21.906
1110.000,0.000,0.000,21.932
1112.000,0.000,0.000,21.957
1114.000,0.000,0.000,21.982
1116.000,0.000,0.000,22.007
1118.000,0.000,0.000,22.033
1120.000,0.000,0.000,22.058
1122.000,0.000,0.000,22.083
1124.000,0.000,0.000,22.108
1126.000,0.000,0.000,22.134
1128.000,0.000,0.000,22.159
1130.000,0.000,0.000,22.184
1132.000,0.000,0.000,22.209
1134.000,0.000,0.000,22.235
1136.000,0.000,0.000,22.260
1138.000,0.000,0.000,22.285
1140.000,0.000,0.000,22.311
1142.000,0.000,0.000,22.336
1144.000,0.000,0.000,22.361
1146.000,0.000,0.000,22.386
1148.000,0.000,0.000,22.412
1150.000,0.000,0.000,22.437
1152.000,0.000,0.000,22.462
1154.000,0.000,0.000,22.487
1156.000,0.000,0.000,22.513
1158.000,0.000,0.000,22.538
1160.000,0.000,0.000,22.563
1162.000,0.000,0.000,22.588
1164.000,0.000,0.000,22.614
1166.000,0.000,0.000,22.639
1168.000,0.000,0.000,22.664
1170.000,0.000,0.000,22.689
1172.000,0.000,0.000,22.715
1174.000,0.000,0.000,22.740
1176.000,0.000,0.000,22.765
1178.000,0.000,0.000,22.791
1180.000,0.000,0.000,22.816
1182.000,0.000,0.000,22.841
1184.000,0.000,0.000,22.866
1186.000,0.000,0.000,22.892
1188.000,0.000,0.000,22.917
1190.000,0.000,0.000,22.942
1192.000,0.000,0.000,22.967
1194.000,0.000,0.000,22.993
1196.000,0.000,0.000,23.018
1198.000,0.000,0.000,23.043
1200.000,0.000,0.000,23.068
1202.000,0.000,0.000,23.094
1204.000,0.000,0.000,23.119
1206.000,0.000,0.000,23.144
1208.000,0.000,0.000,23.169
1210.000,0.000,0.000,23.195
1212.000,0.000,0.000,23.220
1214.000,0.000,0.000,23.245
1216.000,0.000,0.000,23.271
1218.000,0.000,0.000,23.296
1220.000,0.000,0.000,23.321
1222.000,0.000,0.000,23.346
1224.000,0.000,0.000,23.372
1226.000,0.000,0.000,23.397
1228.000,0.000,0.000,23.422
1230.000,0.000,0.000,23.447
1232.000,0.000,0.000,23.473
1234.000,0.000,0.000,23.498
1236.000,0.000,0.000,23.523
1238.000,0.000,0.000,23.548
1240.000,0.000,0.000,23.574
1242.000,0.000,0.000,23.599
1244.000,0.000,0.000,23.624
1246.000,0.000,0.000,23.649
1248.000,0.000,0.000,23.675
1250.000,0.000,0.000,23.700
1252.000,0.000,0.000,23.725
1254.000,0.000,0.000,23.751
1256.000,0.000,0.000,23.776
1258.000,0.000,0.000,23.801
1260.000,0.000,0.000,23.826
1262.000,0.000,0.000,23.852
1264.000,0.000,0.000,23.877
1266.000,0.000,0.000,23.902
1268.000,0.000,0.000,23.927
1270.000,0.000,0.000,23.953
1272.000,0.000,0.000,23.978
1274.000,0.000,0.000,24.003
1276.000,0.000,0.000,24.028
1278.000,0.000,0.000,24.054
1280.000,0.000,0.000,24.079
1282.000,0.000,0.000,24.104
1284.000,0.000,0.000,24.129
1286.000,0.000,0.000,24.155
1288.000,0.000,0.000,24.180
1290.000,0.000,0.000,24.205
1292.000,0.000,0.000,24.231
1294.000,0.000,0.000,24.256
1296.000,0.000,0.000,24.281
1298.000,0.000,0.000,24.306
1300.000,0.000,0.000,24.332
1302.000,0.000,0.000,24.357
1304.000,0.000,0.000,24.382
1306.000,0.000,0.000,24.407
1308.000,0.000,0.000,24.433
1310.000,0.000,0.000,24.458
1312.000,0.000,0.000,24.483
1314.000,0.000,0.000,24.508
1316.000,0.000,0.000,24.534
1318.000,0.000,0.000,24.559
1320.000,0.000,0.000,24.584
1322.000,0.000,0.000,24.609
1324.000,0.000,0.000,24.635
1326.000,0.000,0.000,24.660
1328.000,0.000,0.000,24.685
1330.000,0.000,0.000,24.711
1332.000,0.000,0.000,24.736
1334.000,0.000,0.000,24.761
1336.000,0.000,0.000,24.786
1338.000,0.000,0.000,24.812
1340.000,0.000,0.000,24.837
1342.000,0.000,0.000,24.862
1344.000,0.000,0.000,24.887
1346.000,0.000,0.000,24.913
1348.000,0.000,0.000,24.938
1350.000,0.000,0.000,24.963
1352.000,0.000,0.000,24.988
1354.000,0.000,0.000,25.014
1356.000,0.000,0.000,25.039
1358.000,0.000,0.000,25.064
1360.000,0.000,0.000,25.089
1362.000,0.000,0.000,25.115
1364.000,0.000,0.000,25.140
1366.000,0.000,0.000,25.165
1368.000,0.000,0.000,25.191
1370.000,0.000,0.000,25.216
1372.000,0.000,0.000,25.241
1374.000,0.000,0.000,25.266
1376.000,0.000,0.000,25.292
1378.000,0.000,0.000,25.317
1380.000,0.000,0.000,25.342
1382.000,0.000,0.000,25.367
1384.000,0.000,0.000,25.393
1386.000,0.000,0.000,25.418
1388.000,0.000,0.000,25.443
1390.000,0.000,0.000,25.468
1392.000,0.000,0.000,25.494
1394.000,0.000,0.000,25.519
1396.000,0.000,0.000,25.544
1398.000,0.000,0.000,25.569
1400.000,0.000,0.000,25.595
1402.000,0.000,0.000,25.620
1404.000,0.000,0.000,25.645
1406.000,0.000,0.000,25.671
1408.000,0.000,0.000,25.696
1410.000,0.000,0.000,25.721
1412.000,0.000,0.000,25.746
1414.000,0.000,0.000,25.772
1416.000,0.000,0.000,25.797
1418.000,0.000,0.000,25.822
1420.000,0.000,0.000,25.847
1422.000,0.000,0.000,25.873
1424.000,0.000,0.000,25.898
1426.000,0.000,0.000,25.923
1428.000,0.000,0.000,25.948
1430.000,0.000,0.000,25.974
1432.000,0.000,0.000,25.999
1434.000,0.000,0.000,26.024
1436.000,0.000,0.000,26.049
1438.000,0.000,0.000,26.075
1440.000,0.000,0.000,26.100
1442.000,0.000,0.000,26.125
1444.000,0.000,0.000,26.151
1446.000,0.000,0.000,26.176
1448.000,0.000,0.000,26.201
1450.000,0.000,0.000,26.226
1452.000,0.000,0.000,26.252
1454.000,0.000,0.000,26.277
1456.000,0.000,0.000,26.302
1458.000,0.000,0.000,26.327
1460.000,0.000,0.000,26.353
1462.000,0.000,0.000,26.378
1464.000,0.000,0.000,26.403
1466.000,0.000,0.000,26.428
1468.000,0.000,0.000,26.454
1470.000,0.000,0.000,26.479
1472.000,0.000,0.000,26.504
1474.000,0.000,0.000,26.529
1476.000,0.000,0.000,26.555
1478.000,0.000,0.000,26.580
1480.000,0.000,0.000,26.605
1482.000,0.000,0.000,26.631
1484.000,0.000,0.000,26.656
1486.000,0.000,0.000,26.681
1488.000,0.000,0.000,26.706
1490.000,0.000,0.000,26.732
1492.000,0.000,0.000,26.757
1494.000,0.000,0.000,26.782
1496.000,0.000,0.000,26.807
1498.000,0.000,0.000,26.833
1500.000,0.000,0.000,26.858
1502.000,0.000,0.000,26.883
1504.000,0.000,0.000,26.908
1506.000,0.000,0.000,26.934
1508.000,0.000,0.000,26.959
1510.000,0.000,0.000,26.984
1512.000,0.000,0.000,27.009
1514.000,0.000,0.000,27.035
1516.000,0.000,0.000,27.060
1518.000,0.000,0.000,27.085
1520.000,0.000,0.000,27.111
1522.000,0.000,0.000,27.136
1524.000,0.000,0.000,27.161
1526.000,0.000,0.000,27.186
1528.000,0.000,0.000,27.212
1530.000,0.000,0.000,27.237
1532.000,0.000,0.000,27.262
1534.000,0.000,0.000,27.287
1536.000,0.000,0.000,27.313
1538.000,0.000,0.000,27.338
1540.000,0.000,0.000,27.363
1542.000,0.000,0.000,27.388
1544.000,0.000,0.000,27.414
1546.000,0.000,0.000,27.439
1548.000,0.000,0.000,27.464
1550.000,0.000,0.000,27.489
1552.000,0.000,0.000,27.515
1554.000,0.000,0.000,27.540
1556.000,0.000,0.000,27.565
1558.000,0.000,0.000,27.591
1560.000,0.000,0.000,27.616
1562.000,0.000,0.000,27.641
1564.000,0.000,0.000,27.666
1566.000,0.000,0.000,27.692
1568.000,0.000,0.000,27.717
1570.000,0.000,0.000,27.742
1572.000,0.000,0.000,27.767
1574.000,0.000,0.000,27.793
1576.000,0.000,0.000,27.818
1578.000,0.000,0.000,27.843
1580.000,0.000,0.000,27.868
1582.000,0.000,0.000,27.894
1584.000,0.000,0.000,27.919
1586.000,0.000,0.000,27.944
1588.000,0.000,0.000,27.969
1590.000,0.000,0.000,27.995
1592.000,0.000,0.000,28.020
1594.000,0.000,0.000,28.045
1596.000,0.000,0.000,28.071
1598.000,0.000,0.000,28.096
1600.000,0.000,0.000,28.121
1602.000,0.000,0.000,28.146
1604.000,0.000,0.000,28.172
1606.000,0.000,0.000,28.197
1608.000,0.000,0.000,28.222
1610.000,0.000,0.000,28.247
1612.000,0.000,0.000,28.273
1614.000,0.000,0.000,28.298
1616.000,0.000,0.000,28.323
1618.000,0.000,0.000,28.348
1620.000,0.000,0.000,28.374
1622.000,0.000,0.000,28.399
1624.000,0.000,0.000,28.424
1626.000,0.000,0.000,28.449
1628.000,0.000,0.000,28.475
1630.000,0.000,0.000,29.000
1632.000,0.000,0.000,29.036
1634.000,0.000,0.000,29.073
1636.000,0.000,0.000,29.109
1638.000,0.000,0.000,29.145
1640.000,0.000,0.000,29.182
1642.000,0.000,0.000,29.218
1644.000,0.000,0.000,29.255
1646.000,0.000,0.000,29.291
1648.000,0.000,0.000,29.327
1650.000,0.000,0.000,29.364
1652.000,0.000,0.000,29.400
1654.000,0.000,0.000,29.436
1656.000,0.000,0.000,29.473
1658.000,0.000,0.000,29.509
1660.000,0.000,0.000,29.545
1662.000,0.000,0.000,29.582
1664.000,0.000,0.000,29.618
1666.000,0.000,0.000,29.655
1668.000,0.000,0.000,29.691
1670.000,0.000,0.000,29.727
1672.000,0.000,0.000,29.764
1674.000,0.000,0.000,29.800
1676.000,0.000,0.000,29.836
1678.000,0.000,0.000,29.873
1680.000,0.000,0.000,29.909
1682.000,0.000,0.000,29.945
1684.000,0.000,0.000,29.982
1686.000,0.000,0.000,30.018
1688.000,0.000,0.000,30.055
1690.000,0.000,0.000,30.091
1692.000,0.000,0.000,30.127
1694.000,0.000,0.000,30.164
1696.000,0.000,0.000,30.200
1698.000,0.000,0.000,30.236
1700.000,0.000,0.000,30.273
1702.000,0.000,0.000,30.309
1704.000,0.000,0.000,30.345
1706.000,0.000,0.000,30.382
1708.000,0.000,0.000,30.418
1710.000,0.000,0.000,30.455
1712.000,0.000,0.000,30.491
1714.000,0.000,0.000,30.527
1716.000,0.000,0.000,30.564
1718.000,0.000,0.000,30.600
1720.000,0.000,0.000,30.636
1722.000,0.000,0.000,30.673
1724.000,0.000,0.000,30.709
1726.000,0.000,0.000,30.745
1728.000,0.000,0.000,30.782
1730.000,0.000,0.000,30.818
1732.000,0.000,0.000,30.855
1734.000,0.000,0.000,30.891
1736.000,0.000,0.000,30.927
1738.000,0.000,0.000,30.964
1740.000,0.000,0.000,31.000
1742.000,0.000,0.000,31.036
1744.000,0.000,0.000,31.073
1746.000,0.000,0.000,31.109
1748.000,0.000,0.000,31.145
1750.000,0.000,0.000,31.182
1752.000,0.000,0.000,31.218
1754.000,0.000,0.000,31.255
1756.000,0.000,0.000,31.291
1758.000,0.000,0.000,31.327
1760.000,0.000,0.000,31.364
1762.000,0.000,0.000,31.400
1764.000,0.000,0.000,31.436
1766.000,0.000,0.000,31.473
1768.000,0.000,0.000,31.509
1770.000,0.000,0.000,31.545
1772.000,0.000,0.000,31.582
1774.000,0.000,0.000,31.618
1776.000,0.000,0.000,31.655
1778.000,0.000,0.000,31.691
1780.000,0.000,0.000,31.727
1782.000,0.000,0.000,31.764
1784.000,0.000,0.000,31.800
1786.000,0.000,0.000,31.836
1788.000,0.000,0.000,31.873
1790.000,0.000,0.000,31.909
1792.000,0.000,0.000,31.945
1794.000,0.000,0.000,31.982
1796.000,0.000,0.000,32.018
1798.000,0.000,0.000,32.055
1800.000,0.000,0.000,32.091
1802.000,0.000,0.000,32.127
1804.000,0.000,0.000,32.164
1806.000,0.000,0.000,32.200
1808.000,0.000,0.000,32.236
1810.000,0.000,0.000,32.273
1812.000,0.000,0.000,32.309
1814.000,0.000,0.000,32.345
1816.000,0.000,0.000,32.382
1818.000,0.000,0.000,32.418
1820.000,0.000,0.000,32.455
1822.000,0.000,0.000,32.491
1824.000,0.000,0.000,32.527
1826.000,0.000,0.000,32.564
1828.000,0.000,0.000,32.600
1830.000,0.000,0.000,32.636
1832.000,0.000,0.000,32.673
1834.000,0.000,0.000,32.709
1836.000,0.000,0.000,32.745
1838.000,0.000,0.000,32.782
1840.000,0.000,0.000,32.818
1842.000,0.000,0.000,32.855
1844.000,0.000,0.000,32.891
1846.000,0.000,0.000,32.927
1848.000,0.000,0.000,32.964
1850.000,0.000,0.000,33.000
1852.000,0.000,0.000,33.036
1854.000,0.000,0.000,33.073
1856.000,0.000,0.000,33.109
1858.000,0.000,0.000,33.145
1860.000,0.000,0.000,33.182
1862.000,0.000,0.000,33.218
1864.000,0.000,0.000,33.255
1866.000,0.000,0.000,33.291
1868.000,0.000,0.000,33.327
1870.000,0.000,0.000,33.364
1872.000,0.000,0.000,33.400
1874.000,0.000,0.000,33.436
1876.000,0.000,0.000,33.473
1878.000,0.000,0.000,33.509
1880.000,0.000,0.000,33.545
1882.000,0.000,0.000,33.582
1884.000,0.000,0.000,33.618
1886.000,0.000,0.000,33.655
1888.000,0.000,0.000,33.691
1890.000,0.000,0.000,33.727
1892.000,0.000,0.000,33.764
1894.000,0.000,0.000,33.800
1896.000,0.000,0.000,33.836
1898.000,0.000,0.000,33.873
1900.000,0.000,0.000,33.909
1902.000,0.000,0.000,33.945
1904.000,0.000,0.000,33.982
1906.000,0.000,0.000,34.018
1908.000,0.000,0.000,34.055
1910.000,0.000,0.000,34.091
1912.000,0.000,0.000,34.127
1914.000,0.000,0.000,34.164
1916.000,0.000,0.000,34.200
1918.000,0.000,0.000,34.236
1920.000,0.000,0.000,34.273
1922.000,0.000,0.000,34.309
1924.000,0.000,0.000,34.345
1926.000,0.000,0.000,34.382
1928.000,0.000,0.000,34.418
1930.000,0.000,0.000,34.455
1932.000,0.000,0.000,34.491
1934.000,0.000,0.000,34.527
1936.000,0.000,0.000,34.564
1938.000,0.000,0.000,34.600
1940.000,0.000,0.000,34.636
1942.000,0.000,0.000,34.673
1944.000,0.000,0.000,34.709
1946.000,0.000,0.000,34.745
1948.000,0.000,0.000,34.782
1950.000,0.000,0.000,34.818
1952.000,0.000,0.000,34.855
1954.000,0.000,0.000,34.891
1956.000,0.000,0.000,34.927
1958.000,0.000,0.000,34.964
1960.000,0.000,0.000,35.000
1962.000,0.000,0.000,35.036
1964.000,0.000,0.000,35.073
1966.000,0.000,0.000,35.109
1968.000,0.000,0.000,35.145
1970.000,0.000,0.000,35.182
1972.000,0.000,0.000,35.218
1974.000,0.000,0.000,35.255
1976.000,0.000,0.000,35.291
1978.000,0.000,0.000,35.327
1980.000,0.000,0.000,35.364
1982.000,0.000,0.000,35.400
1984.000,0.000,0.000,35.436
1986.000,0.000,0.000,35.473
1988.000,0.000,0.000,35.509
1990.000,0.000,0.000,35.545
1992.000,0.000,0.000,35.582
1994.000,0.000,0.000,35.618
1996.000,0.000,0.000,35.655
1998.000,0.000,0.000,35.691
2000.000,0.000,0.000,35.727
2002.000,0.000,0.000,35.764
2004.000,0.000,0.000,35.800
2006.000,0.000,0.000,35.836
2008.000,0.000,0.000,35.873
2010.000,0.000,0.000,35.909
2012.000,0.000,0.000,35.945
2014.000,0.000,0.000,35.982
2016.000,0.000,0.000,36.018
2018.000,0.000,0.000,36.055
2020.000,0.000,0.000,36.091
2022.000,0.000,0.000,36.127
2024.000,0.000,0.000,36.164
2026.000,0.000,0.000,36.200
2028.000,0.000,0.000,36.236
2030.000,0.000,0.000,36.273
2032.000,0.000,0.000,36.309
2034.000,0.000,0.000,36.345
2036.000,0.000,0.000,36.382
2038.000,0.000,0.000,36.418
2040.000,0.000,0.000,36.455
2042.000,0.000,0.000,36.491
2044.000,0.000,0.000,36.527
2046.000,0.000,0.000,36.564
2048.000,0.000,0.000,36.600
2050.000,0.000,0.000,36.636
2052.000,0.000,0.000,36.673
2054.000,0.000,0.000,36.709
2056.000,0.000,0.000,36.745
2058.000,0.000,0.000,36.782
2060.000,0.000,0.000,36.818
2062.000,0.000,0.000,36.855
2064.000,0.000,0.000,36.891
2066.000,0.000,0.000,36.927
2068.000,0.000,0.000,36.964
2070.000,0.000,0.000,37.000
2072.000,0.000,0.000,37.036
2074.000,0.000,0.000,37.073
2076.000,0.000,0.000,37.109
2078.000,0.000,0.000,37.145
2080.000,0.000,0.000,37.182
2082.000,0.000,0.000,37.218
2084.000,0.000,0.000,37.255
2086.000,0.000,0.000,37.291
2088.000,0.000,0.000,37.327
2090.000,0.000,0.000,37.364
2092.000,0.000,0.000,37.400
2094.000,0.000,0.000,37.436
2096.000,0.000,0.000,37.473
2098.000,0.000,0.000,37.509
2100.000,0.000,0.000,37.545
2102.000,0.000,0.000,37.582
2104.000,0.000,0.000,37.618
2106.000,0.000,0.000,37.655
2108.000,0.000,0.000,37.691
2110.000,0.000,0.000,37.727
2112.000,0.000,0.000,37.764
2114.000,0.000,0.000,37.800
2116.000,0.000,0.000,37.836
2118.000,0.000,0.000,37.873
2120.000,0.000,0.000,37.909
2122.000,0.000,0.000,37.945
2124.000,0.000,0.000,37.982
2126.000,0.000,0.000,38.018
2128.000,0.000,0.000,38.055
2130.000,0.000,0.000,38.091
2132.000,0.000,0.000,38.127
2134.000,0.000,0.000,38.164
2136.000,0.000,0.000,38.200
2138.000,0.000,0.000,38.236
2140.000,0.000,0.000,38.273
2142.000,0.000,0.000,38.309
2144.000,0.000,0.000,38.345
2146.000,0.000,0.000,38.382
2148.000,0.000,0.000,38.418
2150.000,0.000,0.000,38.455
2152.000,0.000,0.000,38.491
2154.000,0.000,0.000,38.527
2156.000,0.000,0.000,38.564
2158.000,0.000,0.000,38.600
2160.000,0.000,0.000,38.636
2162.000,0.000,0.000,38.673
2164.000,0.000,0.000,38.709
2166.000,0.000,0.000,38.745
2168.000,0.000,0.000,38.782
2170.000,0.000,0.000,38.818
2172.000,0.000,0.000,38.855
2174.000,0.000,0.000,38.891
2176.000,0.000,0.000,38.927
2178.000,0.000,0.000,38.964
2180.000,0.000,0.000,39.000
2182.000,0.000,0.000,39.036
2184.000,0.000,0.000,39.073
2186.000,0.000,0.000,39.109
2188.000,0.000,0.000,39.145
2190.000,0.000,0.000,39.182
2192.000,0.000,0.000,39.218
2194.000,0.000,0.000,39.255
2196.000,0.000,0.000,39.291
2198.000,0.000,0.000,39.327
2200.000,0.000,0.000,39.364
2202.000,0.000,0.000,39.400
2204.000,0.000,0.000,39.436
2206.000,0.000,0.000,39.473
2208.000,0.000,0.000,39.509
2210.000,0.000,0.000,39.545
2212.000,0.000,0.000,39.582
2214.000,0.000,0.000,39.618
2216.000,0.000,0.000,39.655
2218.000,0.000,0.000,39.691
2220.000,0.000,0.000,39.727
2222.000,0.000,0.000,39.764
2224.000,0.000,0.000,39.800
2226.000,0.000,0.000,39.836
2228.000,0.000,0.000,39.873
2230.000,0.000,0.000,39.909
2232.000,0.000,0.000,39.945
2234.000,0.000,0.000,39.982
2236.000,0.000,0.000,40.018
2238.000,0.000,0.000,40.055
2240.000,0.000,0.000,40.091
2242.000,0.000,0.000,40.127
2244.000,0.000,0.000,40.164
2246.000,0.000,0.000,40.200
2248.000,0.000,0.000,40.236
2250.000,0.000,0.000,40.273
2252.000,0.000,0.000,40.309
2254.000,0.000,0.000,40.345
2256.000,0.000,0.000,40.382
2258.000,0.000,0.000,40.418
2260.000,0.000,0.000,40.455
2262.000,0.000,0.000,40.491
2264.000,0.000,0.000,40.527
2266.000,0.000,0.000,40.564
2268.000,0.000,0.000,40.600
2270.000,0.000,0.000,40.636
2272.000,0.000,0.000,40.673
2274.000,0.000,0.000,40.709
2276.000,0.000,0.000,40.745
2278.000,0.000,0.000,40.782
2280.000,0.000,0.000,40.818
2282.000,0.000,0.000,40.855
2284.000,0.000,0.000,40.891
2286.000,0.000,0.000,40.927
2288.000,0.000,0.000,40.964
2290.000,0.000,0.000,41.000
2292.000,0.000,0.000,41.036
2294.000,0.000,0.000,41.073
2296.000,0.000,0.000,41.109
2298.000,0.000,0.000,41.145
2300.000,0.000,0.000,41.182
2302.000,0.000,0.000,41.218
2304.000,0.000,0.000,41.255
2306.000,0.000,0.000,41.291
2308.000,0.000,0.000,41.327
2310.000,0.000,0.000,41.364
2312.000,0.000,0.000,41.400
2314.000,0.000,0.000,41.436
2316.000,0.000,0.000,41.473
2318.000,0.000,0.000,41.509
2320.000,0.000,0.000,41.545
2322.000,0.000,0.000,41.582
2324.000,0.000,0.000,41.618
2326.000,0.000,0.000,41.655
2328.000,0.000,0.000,41.691
2330.000,0.000,0.000,41.727
2332.000,0.000,0.000,41.764
2334.000,0.000,0.000,41.800
2336.000,0.000,0.000,41.836
2338.000,0.000,0.000,41.873
2340.000,0.000,0.000,41.909
2342.000,0.000,0.000,41.945
2344.000,0.000,0.000,41.982
2346.000,0.000,0.000,42.018
2348.000,0.000,0.000,42.055
2350.000,0.000,0.000,42.091
2352.000,0.000,0.000,42.127
2354.000,0.000,0.000,42.164
2356.000,0.000,0.000,42.200
2358.000,0.000,0.000,42.236
2360.000,0.000,0.000,42.273
2362.000,0.000,0.000,42.309
2364.000,0.000,0.000,42.345
2366.000,0.000,0.000,42.382
2368.000,0.000,0.000,42.418
2370.000,0.000,0.000,42.455
2372.000,0.000,0.000,42.491
2374.000,0.000,0.000,42.527
2376.000,0.000,0.000,42.564
2378.000,0.000,0.000,42.600
2380.000,0.000,0.000,42.636
2382.000,0.000,0.000,42.673
2384.000,0.000,0.000,42.709
2386.000,0.000,0.000,42.745
2388.000,0.000,0.000,42.782
2390.000,0.000,0.000,42.818
2392.000,0.000,0.000,42.855
2394.000,0.000,0.000,42.891
2396.000,0.000,0.000,42.927
2398.000,0.000,0.000,42.964
2400.000,0.000,0.000,43.000
2402.000,0.000,0.000,43.036
2404.000,0.000,0.000,43.073
2406.000,0.000,0.000,43.109
2408.000,0.000,0.000,43.145
2410.000,0.000,0.000,43.182
2412.000,0.000,0.000,43.218
2414.000,0.000,0.000,43.255
2416.000,0.000,0.000,43.291
2418.000,0.000,0.000,43.327
2420.000,0.000,0.000,43.364
2422.000,0.000,0.000,43.400
2424.000,0.000,0.000,43.436
2426.000,0.000,0.000,43.473
2428.000,0.000,0.000,43.509
2430.000,0.000,0.000,43.545
2432.000,0.000,0.000,43.582
2434.000,0.000,0.000,43.618
2436.000,0.000,0.000,43.655
2438.000,0.000,0.000,43.691
2440.000,0.000,0.000,43.727
2442.000,0.000,0.000,43.764
2444.000,0.000,0.000,43.800
2446.000,0.000,0.000,43.836
2448.000,0.000,0.000,43.873
2450.000,0.000,0.000,43.909
2452.000,0.000,0.000,43.945
2454.000,0.000,0.000,43.982
2455.000,0.000,0.000,44.500
2457.000,0.000,0.000,44.528
2459.000,0.000,0.000,44.556
2461.000,0.000,0.000,44.584
2463.000,0.000,0.000,44.612
2465.000,0.000,0.000,44.640
2467.000,0.000,0.000,44.668
2469.000,0.000,0.000,44.696
2471.000,0.000,0.000,44.724
2473.000,0.000,0.000,44.752
2475.000,0.000,0.000,44.780
2477.000,0.000,0.000,44.808
2479.000,0.000,0.000,44.835
2481.000,0.000,0.000,44.863
2483.000,0.000,0.000,44.891
2485.000,0.000,0.000,44.919
2487.000,0.000,0.000,44.947
2489.000,0.000,0.000,44.975
2491.000,0.000,0.000,45.003
2493.000,0.000,0.000,45.031
2495.000,0.000,0.000,45.059
2497.000,0.000,0.000,45.087
2499.000,0.000,0.000,45.115
2501.000,0.000,0.000,45.143
2503.000,0.000,0.000,45.171
2505.000,0.000,0.000,45.199
2507.000,0.000,0.000,45.227
2509.000,0.000,0.000,45.255
2511.000,0.000,0.000,45.283
2513.000,0.000,0.000,45.311
2515.000,0.000,0.000,45.339
2517.000,0.000,0.000,45.367
2519.000,0.000,0.000,45.395
2521.000,0.000,0.000,45.423
2523.000,0.000,0.000,45.451
2525.000,0.000,0.000,45.478
2527.000,0.000,0.000,45.506
2529.000,0.000,0.000,45.534
2531.000,0.000,0.000,45.562
2533.000,0.000,0.000,45.590
2535.000,0.000,0.000,45.618
2537.000,0.000,0.000,45.646
2539.000,0.000,0.000,45.674
2541.000,0.000,0.000,45.702
2543.000,0.000,0.000,45.730
2545.000,0.000,0.000,45.758
2547.000,0.000,0.000,45.786
2549.000,0.000,0.000,45.814
2551.000,0.000,0.000,45.842
2553.000,0.000,0.000,45.870
2555.000,0.000,0.000,45.898
2557.000,0.000,0.000,45.926
2559.000,0.000,0.000,45.954
2561.000,0.000,0.000,45.982
2563.000,0.000,0.000,46.010
2565.000,0.000,0.000,46.038
2567.000,0.000,0.000,46.066
2569.000,0.000,0.000,46.094
2571.000,0.000,0.000,46.122
2573.000,0.000,0.000,46.149
2575.000,0.000,0.000,46.177
2577.000,0.000,0.000,46.205
2579.000,0.000,0.000,46.233
2581.000,0.000,0.000,46.261
2583.000,0.000,0.000,46.289
2585.000,0.000,0.000,46.317
2587.000,0.000,0.000,46.345
2589.000,0.000,0.000,46.373
2591.000,0.000,0.000,46.401
2593.000,0.000,0.000,46.429
2595.000,0.000,0.000,46.457
2597.000,0.000,0.000,46.485
2599.000,0.000,0.000,46.513
2601.000,0.000,0.000,46.541
2603.000,0.000,0.000,46.569
2605.000,0.000,0.000,46.597
2607.000,0.000,0.000,46.625
2609.000,0.000,0.000,46.653
2611.000,0.000,0.000,46.681
2613.000,0.000,0.000,46.709
2615.000,0.000,0.000,46.737
2617.000,0.000,0.000,46.765
2619.000,0.000,0.000,46.792
2621.000,0.000,0.000,46.820
2623.000,0.000,0.000,46.848
2625.000,0.000,0.000,46.876
2627.000,0.000,0.000,46.904
2629.000,0.000,0.000,46.932
2631.000,0.000,0.000,46.960
2633.000,0.000,0.000,46.988
2635.000,0.000,0.000,47.016
2637.000,0.000,0.000,47.044
2639.000,0.000,0.000,47.072
2641.000,0.000,0.000,47.100
2643.000,0.000,0.000,47.128
2645.000,0.000,0.000,47.156
2647.000,0.000,0.000,47.184
2649.000,0.000,0.000,47.212
2651.000,0.000,0.000,47.240
2653.000,0.000,0.000,47.268
2655.000,0.000,0.000,47.296
2657.000,0.000,0.000,47.324
2659.000,0.000,0.000,47.352
2661.000,0.000,0.000,47.380
2663.000,0.000,0.000,47.408
2665.000,0.000,0.000,47.435
2667.000,0.000,0.000,47.463
2669.000,0.000,0.000,47.491
2671.000,0.000,0.000,47.519
2673.000,0.000,0.000,47.547
2675.000,0.000,0.000,47.575
2677.000,0.000,0.000,47.603
2679.000,0.000,0.000,47.631
2681.000,0.000,0.000,47.659
2683.000,0.000,0.000,47.687
2685.000,0.000,0.000,47.715
2687.000,0.000,0.000,47.743
2689.000,0.000,0.000,47.771
2691.000,0.000,0.000,47.799
2693.000,0.000,0.000,47.827
2695.000,0.000,0.000,47.855
2697.000,0.000,0.000,47.883
2699.000,0.000,0.000,47.911
2701.000,0.000,0.000,47.939
2703.000,0.000,0.000,47.967
2705.000,0.000,0.000,47.995
2707.000,0.000,0.000,48.023
2709.000,0.000,0.000,48.051
2711.000,0.000,0.000,48.078
2713.000,0.000,0.000,48.106
2715.000,0.000,0.000,48.134
2717.000,0.000,0.000,48.162
2719.000,0.000,0.000,48.190
2721.000,0.000,0.000,48.218
2723.000,0.000,0.000,48.246
2725.000,0.000,0.000,48.274
2727.000,0.000,0.000,48.302
2729.000,0.000,0.000,48.330
2731.000,0.000,0.000,48.358
2733.000,0.000,0.000,48.386
2735.000,0.000,0.000,48.414
2737.000,0.000,0.000,48.442
2739.000,0.000,0.000,48.470
2741.000,0.000,0.000,48.498
2743.000,0.000,0.000,48.526
2745.000,0.000,0.000,48.554
2747.000,0.000,0.000,48.582
2749.000,0.000,0.000,48.610
2751.000,0.000,0.000,48.638
2753.000,0.000,0.000,48.666
2755.000,0.000,0.000,48.694
2757.000,0.000,0.000,48.722
2759.000,0.000,0.000,48.749
2761.000,0.000,0.000,48.777
2763.000,0.000,0.000,48.805
2765.000,0.000,0.000,48.833
2767.000,0.000,0.000,48.861
2769.000,0.000,0.000,48.889
2771.000,0.000,0.000,48.917
2773.000,0.000,0.000,48.945
2775.000,0.000,0.000,48.973
2777.000,0.000,0.000,49.001
2779.000,0.000,0.000,49.029
2781.000,0.000,0.000,49.057
2783.000,0.000,0.000,49.085
2785.000,0.000,0.000,49.113
2787.000,0.000,0.000,49.141
2789.000,0.000,0.000,49.169
2791.000,0.000,0.000,49.197
2793.000,0.000,0.000,49.225
2795.000,0.000,0.000,49.253
2797.000,0.000,0.000,49.281
2799.000,0.000,0.000,49.309
2801.000,0.000,0.000,49.337
2803.000,0.000,0.000,49.365
2805.000,0.000,0.000,49.392
2807.000,0.000,0.000,49.420
2809.000,0.000,0.000,49.448
2811.000,0.000,0.000,49.476
2813.000,0.000,0.000,49.504
2815.000,0.000,0.000,49.532
2817.000,0.000,0.000,49.560
2819.000,0.000,0.000,49.588
2821.000,0.000,0.000,49.616
2823.000,0.000,0.000,49.644
2825.000,0.000,0.000,49.672
2827.000,0.000,0.000,49.700
2829.000,0.000,0.000,49.728
2831.000,0.000,0.000,49.756
2833.000,0.000,0.000,49.784
2835.000,0.000,0.000,49.812
2837.000,0.000,0.000,49.840
2839.000,0.000,0.000,49.868
2841.000,0.000,0.000,49.896
2843.000,0.000,0.000,49.924
2845.000,0.000,0.000,49.952
2847.000,0.000,0.000,49.980
2849.000,0.000,0.000,50.008
2851.000,0.000,0.000,50.035
2853.000,0.000,0.000,50.063
2855.000,0.000,0.000,50.091
2857.000,0.000,0.000,50.119
2859.000,0.000,0.000,50.147
2861.000,0.000,0.000,50.175
2863.000,0.000,0.000,50.203
2865.000,0.000,0.000,50.231
2867.000,0.000,0.000,50.259
2869.000,0.000,0.000,50.287
2871.000,0.000,0.000,50.315
2873.000,0.000,0.000,50.343
2875.000,0.000,0.000,50.371
2877.000,0.000,0.000,50.399
2879.000,0.000,0.000,50.427
2881.000,0.000,0.000,50.455
2883.000,0.000,0.000,50.483
2885.000,0.000,0.000,50.511
2887.000,0.000,0.000,50.539
2889.000,0.000,0.000,50.567
2891.000,0.000,0.000,50.595
2893.000,0.000,0.000,50.623
2895.000,0.000,0.000,50.651
2897.000,0.000,0.000,50.678
2899.000,0.000,0.000,50.706
2901.000,0.000,0.000,50.734
2903.000,0.000,0.000,50.762
2905.000,0.000,0.000,50.790
2907.000,0.000,0.000,50.818
2909.000,0.000,0.000,50.846
2911.000,0.000,0.000,50.874
2913.000,0.000,0.000,50.902
2915.000,0.000,0.000,50.930
2917.000,0.000,0.000,50.958
2919.000,0.000,0.000,50.986
2920.000,0.000,0.000,51.584
2921.234,0.000,0.000,51.584
2922.467,0.000,0.000,51.584
2923.701,0.000,0.000,51.584
2924.935,0.000,0.000,51.584
2926.168,0.000,0.000,51.584
2927.402,0.000,0.000,51.584
2928.636,0.000,0.000,51.584
2929.869,0.000,0.000,51.584
2931.103,0.000,0.000,51.584
2932.337,0.000,0.000,51.584
2933.570,0.000,0.000,51.584
2934.804,0.000,0.000,51.584
2936.038,0.000,0.000,51.584
2937.271,0.000,0.000,51.584
2938.505,0.000,0.000,51.584
2939.739,0.000,0.000,51.584
2940.972,0.000,0.000,51.584
2942.206,0.000,0.000,51.584
2943.440,0.000,0.000,51.584
2944.673,0.000,0.000,51.584
2945.907,0.000,0.000,51.584
2947.141,0.000,0.000,51.584
2948.374,0.000,0.000,51.584
2949.608,0.000,0.000,51.584
2950.842,0.000,0.000,51.584
2952.075,0.000,0.000,51.584
2953.309,0.000,0.000,51.584
2954.542,0.000,0.000,51.584
2955.776,0.000,0.000,51.584
2957.010,0.000,0.000,51.584
2958.243,0.000,0.000,51.584
2959.477,0.000,0.000,51.584
2960.711,0.000,0.000,51.584
2961.944,0.000,0.000,51.584
2963.178,0.000,0.000,51.584
2964.412,0.000,0.000,51.584
2965.645,0.000,0.000,51.584
2966.879,0.000,0.000,51.584
2968.113,0.000,0.000,51.584
2969.346,0.000,0.000,51.584
2970.580,0.000,0.000,51.584
2971.814,0.000,0.000,51.584
2973.047,0.000,0.000,51.584
2974.281,0.000,0.000,51.584
2975.515,0.000,0.000,51.584
2976.748,0.000,0.000,51.584
2977.982,0.000,0.000,51.584
2979.216,0.000,0.000,51.584
2980.449,0.000,0.000,51.584
2981.683,0.000,0.000,51.584
2982.917,0.000,0.000,51.584
2984.150,0.000,0.000,51.584
2985.384,0.000,0.000,51.584
2986.618,0.000,0.000,51.584
2987.851,0.000,0.000,51.584
2989.085,0.000,0.000,51.584
2990.319,0.000,0.000,51.584
2991.552,0.000,0.000,51.584
2992.786,0.000,0.000,51.584
2994.020,0.000,0.000,51.584
2995.253,0.000,0.000,51.584
2996.487,0.000,0.000,51.584
2997.721,0.000,0.000,51.584
2998.954,0.000,0.000,51.584
3000.188,0.000,0.000,51.584
3001.422,0.000,0.000,51.584
3002.655,0.000,0.000,51.584
3003.889,0.000,0.000,51.584
3005.123,0.000,0.000,51.584
3006.356,0.000,0.000,51.584
3007.590,0.000,0.000,51.584
3008.824,0.000,0.000,51.584
3010.057,0.000,0.000,51.584
3011.291,0.000,0.000,51.584
3012.525,0.000,0.000,51.584
3013.758,0.000,0.000,51.584
3014.992,0.000,0.000,51.584
3016.226,0.000,0.000,51.584
3017.459,0.000,0.000,51.584
3018.693,0.000,0.000,51.584
3019.926,0.000,0.000,51.584
3021.160,0.000,0.000,51.584
3022.394,0.000,0.000,51.584
3023.627,0.000,0.000,51.584
3024.861,0.000,0.000,51.584
3026.095,0.000,0.000,51.584
3027.328,0.000,0.000,51.584
3028.562,0.000,0.000,51.584
3029.796,0.000,0.000,51.584
3031.029,0.000,0.000,51.584
3032.263,0.000,0.000,51.584
3033.497,0.000,0.000,51.584
3034.730,0.000,0.000,51.584
3035.964,0.000,0.000,51.584
3037.198,0.000,0.000,51.584
3038.431,0.000,0.000,51.584
3039.665,0.000,0.000,51.584
3040.899,0.000,0.000,51.584
3042.132,0.000,0.000,51.584
3043.366,0.000,0.000,51.584
3044.600,0.000,0.000,51.584
3045.833,0.000,0.000,51.584
3047.067,0.000,0.000,51.584
3048.301,0.000,0.000,51.584
3049.534,0.000,0.000,51.584
3050.768,0.000,0.000,51.584
3052.002,0.000,0.000,51.584
3053.235,0.000,0.000,51.584
3054.469,0.000,0.000,51.584
3055.703,0.000,0.000,51.584
3056.936,0.000,0.000,51.584
3058.170,0.000,0.000,51.584
3059.404,0.000,0.000,51.584
3060.637,0.000,0.000,51.584
3061.871,0.000,0.000,51.584
3063.105,0.000,0.000,51.584
3064.338,0.000,0.000,51.584
3065.572,0.000,0.000,51.584
3066.806,0.000,0.000,51.584
3068.039,0.000,0.000,51.584
3069.273,0.000,0.000,51.584
3070.507,0.000,0.000,51.584
3071.740,0.000,0.000,51.584
3072.974,0.000,0.000,51.584
3074.208,0.000,0.000,51.584
3075.441,0.000,0.000,51.584
3076.675,0.000,0.000,51.584
3077.909,0.000,0.000,51.584
3079.142,0.000,0.000,51.584
3080.376,0.000,0.000,51.584
3081.610,0.000,0.000,51.584
3082.843,0.000,0.000,51.584
3084.077,0.000,0.000,51.584
3085.310,0.000,0.000,51.584
3086.544,0.000,0.000,51.584
3087.778,0.000,0.000,51.584
3089.011,0.000,0.000,51.584
3090.245,0.000,0.000,51.584
3091.479,0.000,0.000,51.584
3092.712,0.000,0.000,51.584
3093.946,0.000,0.000,51.584
3095.180,0.000,0.000,51.584
3096.413,0.000,0.000,51.584
3097.647,0.000,0.000,51.584
3098.881,0.000,0.000,51.586
3100.114,0.000,0.000,51.587
3101.348,0.000,0.000,51.589
3102.582,0.000,0.000,51.590
3103.815,0.000,0.000,51.592
3105.049,0.000,0.000,51.593
3106.283,0.000,0.000,51.594
3107.516,0.000,0.000,51.595
3108.750,0.000,0.000,51.597
3109.984,0.000,0.000,51.598
3111.217,0.000,0.000,51.599
3112.451,0.000,0.000,51.600
3113.685,0.000,0.000,51.601
3114.918,0.000,0.000,51.601
3116.152,0.000,0.000,51.602
3117.386,0.000,0.000,51.603
3118.619,0.000,0.000,51.603
3119.853,0.000,0.000,51.604
3121.087,0.000,0.000,51.605
3122.320,0.000,0.000,51.605
3123.554,0.000,0.000,51.605
3124.788,0.000,0.000,51.606
3126.021,0.000,0.000,51.606
3127.255,0.000,0.000,51.606
3128.489,0.000,0.000,51.606
3129.722,0.000,0.000,51.606
3130.956,0.000,0.000,51.606
3132.190,0.000,0.000,51.606
3133.423,0.000,0.000,51.606
3134.657,0.000,0.000,51.606
3135.891,0.000,0.000,51.606
3137.124,0.000,0.000,51.606
3138.358,0.000,0.000,51.606
3139.592,8.730,0.000,51.606
3140.825,8.884,0.000,51.606
3142.059,9.039,0.000,51.606
3143.293,9.195,0.000,51.606
3144.526,9.353,0.000,51.606
3145.760,9.511,0.000,51.606
3146.994,9.671,0.000,51.606
3148.227,9.831,0.000,51.606
3149.461,9.993,0.000,51.606
3150.695,10.156,0.000,51.606
3151.928,10.320,0.000,51.606
3153.162,10.485,0.000,51.606
3154.395,10.652,0.000,51.606
3155.629,10.819,0.000,51.606
3156.863,10.988,0.000,51.606
3158.096,11.157,0.000,51.606
3159.330,11.328,0.000,51.606
3160.564,11.499,0.000,51.606
3161.797,11.672,0.000,51.606
3163.031,11.846,0.000,51.606
3164.265,12.021,0.000,51.606
3165.498,12.196,0.000,51.606
3166.732,12.373,0.000,51.606
3167.966,12.551,0.000,51.606
3169.199,12.730,0.000,51.606
3170.433,12.910,0.000,51.606
3171.667,13.091,0.000,51.606
3172.900,13.273,0.000,51.606
3174.134,13.457,0.000,51.606
3175.368,13.643,0.000,51.606
3176.601,13.831,0.000,51.606
3177.835,14.023,0.000,51.606
3179.069,14.218,0.000,51.606
3180.302,14.418,0.000,51.606
3181.536,14.623,0.000,51.606
3182.770,14.833,0.000,51.606
3184.003,15.049,0.000,51.606
3185.237,15.272,0.000,51.606
3186.471,15.501,0.000,51.606
3187.704,15.738,0.000,51.606
3188.938,15.984,0.000,51.606
3190.172,16.238,0.000,51.606
3191.405,16.501,0.000,51.606
3192.639,16.774,0.000,51.606
3193.873,17.057,0.000,51.606
3195.106,17.351,0.000,51.606
3196.340,17.657,0.000,51.606
3197.574,17.974,0.000,51.606
3198.807,18.304,0.000,51.606
3200.041,18.647,0.000,51.606
3201.275,19.004,0.000,51.606
3202.508,19.375,0.000,51.611
3203.742,19.759,0.000,51.629
3204.976,20.157,0.000,51.649
3206.209,20.567,0.000,51.671
3207.443,20.989,0.000,51.694
3208.677,21.422,0.000,51.720
3209.910,21.865,0.000,51.748
3211.144,22.318,0.000,51.778
3212.378,22.779,0.000,51.810
3213.611,23.249,0.000,51.845
3214.845,23.727,0.000,51.882
3216.079,24.211,0.000,51.922
3217.312,24.701,0.000,51.964
3218.546,25.196,0.000,52.009
3219.779,25.696,0.000,52.057
3221.013,26.200,0.000,52.107
3222.247,26.707,0.000,52.161
3223.480,27.217,0.000,52.218
3224.714,27.728,0.000,52.277
3225.948,28.240,0.000,52.340
3227.181,28.753,0.000,52.406
3228.415,29.265,0.000,52.475
3229.649,29.776,0.000,52.548
3230.882,30.285,0.000,52.624
3232.116,30.792,0.000,52.703
3233.350,31.296,0.000,52.787
3234.583,31.798,0.000,52.873
3235.817,32.298,0.000,52.963
3237.051,32.798,0.000,53.056
3238.284,33.297,0.000,53.153
3239.518,33.798,0.000,53.252
3240.752,34.300,0.000,53.354
3241.985,34.805,0.000,53.459
3243.219,35.313,0.000,53.567
3244.453,35.825,0.000,53.678
3245.686,36.342,0.000,53.790
3246.920,36.864,0.000,53.906
3248.154,37.393,0.000,54.023
3249.387,37.928,0.000,54.143
3250.621,38.472,0.000,54.265
3251.855,39.024,0.000,54.388
3253.088,39.586,0.000,54.514
3254.322,40.158,0.000,54.641
3255.556,40.740,0.000,54.770
3256.789,41.335,0.000,54.901
3258.023,41.942,0.000,55.032
3259.257,42.562,0.000,55.166
3260.490,43.197,0.000,55.300
3261.724,43.846,0.000,55.435
3262.958,44.511,0.000,55.572
3264.191,45.191,0.000,55.709
3265.425,45.887,0.000,55.847
3266.659,46.598,0.000,55.986
3267.892,47.324,0.000,56.125
3269.126,48.065,0.000,56.265
3270.360,48.820,0.000,56.405
3271.593,49.590,0.000,56.545
3272.827,50.374,0.000,56.685
3274.061,51.171,0.000,56.826
3275.294,51.982,0.000,56.966
3276.528,52.806,0.000,57.106
3277.762,53.644,0.000,57.246
3278.995,54.494,0.000,57.385
3280.229,55.357,0.000,57.524
3281.463,56.232,0.000,57.662
3282.696,57.120,0.000,57.800
3283.930,58.019,0.000,57.936
3285.163,58.930,0.000,58.072
3286.397,59.853,0.000,58.207
3287.631,60.787,0.000,58.340
3288.864,61.732,0.000,58.472
3290.098,62.687,0.000,58.603
3291.332,63.653,0.000,58.732
3292.565,64.630,0.000,58.860
3293.799,65.617,0.000,58.986
3295.033,66.615,0.000,59.110
3296.266,67.625,0.000,59.234
3297.500,68.648,0.000,59.357
3298.734,69.685,0.000,59.480
3299.967,70.737,0.000,59.603
3301.201,71.804,0.000,59.726
3302.435,72.887,0.000,59.850
3303.668,73.988,0.000,59.975
3304.902,75.106,0.000,60.101
3306.136,76.243,0.000,60.228
3307.369,77.400,0.000,60.357
3308.603,78.578,0.000,60.489
3309.837,79.777,0.000,60.623
3311.070,80.998,0.000,60.760
3312.304,82.242,0.000,60.900
3313.538,83.510,0.000,61.044
3314.771,84.802,0.000,61.191
3316.005,86.121,0.000,61.342
3317.239,87.466,0.000,61.498
3318.472,88.838,0.000,61.659
3319.706,90.238,0.000,61.824
3320.940,91.667,0.000,61.995
3322.173,93.126,0.000,62.172
3323.407,94.615,0.000,62.354
3324.641,96.133,0.000,62.543
3325.874,97.677,0.000,62.738
3327.108,99.244,0.000,62.938
3328.342,100.830,0.000,63.144
3329.575,102.435,0.000,63.357
3330.809,104.053,0.000,63.575
3332.043,105.684,0.000,63.799
3333.276,107.324,0.000,64.028
3334.510,108.971,0.000,64.263
3335.744,110.620,0.000,64.504
3336.977,112.271,0.000,64.751
3338.211,113.920,0.000,65.003
3339.445,115.566,0.000,65.260
3340.678,117.209,0.000,65.523
3341.912,118.852,0.000,65.792
3343.146,120.496,0.000,66.066
3344.379,122.141,0.000,66.345
3345.613,123.789,0.000,66.630
3346.847,125.441,0.000,66.920
3348.080,127.099,0.000,67.215
3349.314,128.763,0.000,67.515
3350.547,130.436,0.000,67.821
3351.781,132.117,0.000,68.131
3353.015,133.810,0.000,68.447
3354.248,135.514,0.000,68.768
3355.482,137.230,0.000,69.096
3356.716,138.961,0.000,69.431
3357.949,140.706,0.000,69.775
3359.183,142.468,0.000,70.128
3360.417,144.247,0.000,70.491
3361.650,146.043,0.000,70.866
3362.884,147.859,0.000,71.253
3364.118,149.696,0.000,71.654
3365.351,151.553,0.000,72.069
3366.585,153.433,0.000,72.499
3367.819,155.337,0.000,72.946
3369.052,157.265,0.000,73.410
3370.286,159.219,0.000,73.890
3371.520,161.199,0.000,74.386
3372.753,163.207,0.000,74.896
3373.987,165.244,0.000,75.420
3375.221,167.311,0.000,75.955
3376.454,169.409,0.000,76.502
3377.688,171.539,0.000,77.058
3378.922,173.703,0.000,77.623
3380.155,175.900,0.000,78.196
3381.389,178.133,0.000,78.775
3382.623,180.402,0.000,79.360
3383.856,182.707,0.000,79.948
3385.090,185.043,0.000,80.539
3386.324,187.401,0.000,81.130
3387.557,189.774,0.000,81.718
3388.791,192.155,0.000,82.302
3390.025,194.535,0.000,82.878
3391.258,196.906,0.000,83.445
3392.492,199.261,0.000,84.000
3393.726,201.593,0.000,84.542
3394.959,203.893,0.000,85.067
3396.193,206.154,0.000,85.573
3397.427,208.369,0.000,86.058
3398.660,210.530,0.000,86.521
3399.894,212.640,0.000,86.958
3401.128,214.704,0.000,87.367
3402.361,216.725,0.000,87.746
3403.595,218.708,0.000,88.092
3404.829,220.656,0.000,88.404
3406.062,222.575,0.000,88.679
3407.296,224.467,0.000,88.915
3408.530,226.337,0.000,89.109
3409.763,228.190,0.000,89.259
3410.997,230.029,0.000,89.363
3412.231,231.859,0.000,89.418
